contact_id,email,persona,opt_in_email,opt_in_sms,created_at
1,user1@test.org,Busy Buyer,True,True,2025-08-08
2,user2@example.com,Loyal Advocate,True,True,2025-07-13
3,user3@test.org,Skeptical Researcher,True,True,2025-06-25
4,user4@test.org,Busy Buyer,True,True,2025-06-18
5,user5@example.com,Busy Buyer,True,True,2025-08-01
6,user6@example.com,Busy Buyer,True,True,2025-06-13
7,user7@test.org,Busy Buyer,True,True,2025-07-13
8,user8@mail.com,Loyal Advocate,True,False,2025-08-17
9,user9@test.org,Busy Buyer,True,True,2025-06-28
10,user10@test.org,Busy Buyer,True,True,2025-06-18
11,user11@test.org,Busy Buyer,True,True,2025-07-29
12,user12@test.org,Value Seeker,True,False,2025-07-30
13,user13@example.com,Value Seeker,True,False,2025-08-02
14,user14@test.org,Loyal Advocate,True,True,2025-07-27
15,user15@mail.com,Busy Buyer,True,False,2025-08-31
16,user16@example.com,Loyal Advocate,True,True,2025-07-21
17,user17@mail.com,Value Seeker,True,True,2025-07-26
18,user18@mail.com,Busy Buyer,True,True,2025-06-27
19,user19@mail.com,Value Seeker,True,True,2025-07-02
20,user20@mail.com,Skeptical Researcher,True,False,2025-09-19
21,user21@example.com,Skeptical Researcher,True,False,2025-06-09
22,user22@example.com,Value Seeker,True,True,2025-09-12
23,user23@mail.com,Value Seeker,False,False,2025-09-04
24,user24@mail.com,Skeptical Researcher,True,True,2025-08-23
25,user25@example.com,Value Seeker,True,True,2025-08-31
26,user26@example.com,Busy Buyer,True,True,2025-09-05
27,user27@example.com,Skeptical Researcher,True,True,2025-08-07
28,user28@test.org,Busy Buyer,True,True,2025-07-16
29,user29@test.org,Value Seeker,True,True,2025-09-06
30,user30@test.org,Busy Buyer,False,True,2025-09-20
31,user31@mail.com,Busy Buyer,True,True,2025-08-06
32,user32@test.org,Busy Buyer,True,False,2025-06-26
33,user33@mail.com,Loyal Advocate,True,True,2025-06-08
34,user34@mail.com,Busy Buyer,True,False,2025-06-06
35,user35@test.org,Busy Buyer,True,True,2025-08-19
36,user36@mail.com,Busy Buyer,True,False,2025-06-24
37,user37@test.org,Value Seeker,True,False,2025-07-18
38,user38@test.org,Skeptical Researcher,False,False,2025-09-11
39,user39@example.com,Value Seeker,True,True,2025-09-02
40,user40@test.org,Value Seeker,True,False,2025-07-15
41,user41@example.com,Skeptical Researcher,True,True,2025-06-13
42,user42@test.org,Value Seeker,True,True,2025-08-08
43,user43@test.org,Busy Buyer,True,True,2025-06-25
44,user44@example.com,Busy Buyer,True,True,2025-06-20
45,user45@example.com,Busy Buyer,True,True,2025-09-26
46,user46@test.org,Value Seeker,True,False,2025-08-21
47,user47@mail.com,Value Seeker,True,False,2025-09-19
48,user48@example.com,Loyal Advocate,True,True,2025-08-21
49,user49@mail.com,Busy Buyer,True,False,2025-08-05
50,user50@mail.com,Value Seeker,True,True,2025-08-13
51,user51@mail.com,Value Seeker,True,False,2025-09-27
52,user52@example.com,Value Seeker,True,True,2025-07-15
53,user53@mail.com,Loyal Advocate,True,True,2025-09-22
54,user54@example.com,Value Seeker,True,False,2025-07-17
55,user55@mail.com,Busy Buyer,True,False,2025-08-02
56,user56@test.org,Loyal Advocate,True,False,2025-08-15
57,user57@test.org,Value Seeker,True,False,2025-09-19
58,user58@example.com,Value Seeker,True,False,2025-08-16
59,user59@test.org,Value Seeker,False,False,2025-09-22
60,user60@test.org,Value Seeker,True,False,2025-09-19
61,user61@mail.com,Loyal Advocate,True,False,2025-07-25
62,user62@example.com,Busy Buyer,True,True,2025-08-14
63,user63@mail.com,Busy Buyer,True,False,2025-06-19
64,user64@mail.com,Busy Buyer,True,True,2025-07-05
65,user65@mail.com,Loyal Advocate,True,False,2025-09-11
66,user66@mail.com,Busy Buyer,True,False,2025-07-23
67,user67@mail.com,Skeptical Researcher,True,False,2025-06-26
68,user68@mail.com,Value Seeker,True,False,2025-09-18
69,user69@mail.com,Loyal Advocate,True,False,2025-06-14
70,user70@example.com,Skeptical Researcher,True,True,2025-09-26
71,user71@test.org,Loyal Advocate,True,False,2025-07-15
72,user72@mail.com,Skeptical Researcher,True,True,2025-07-14
73,user73@mail.com,Value Seeker,True,True,2025-08-27
74,user74@mail.com,Value Seeker,True,True,2025-09-13
75,user75@mail.com,Busy Buyer,True,True,2025-08-04
76,user76@mail.com,Busy Buyer,True,True,2025-07-21
77,user77@mail.com,Value Seeker,True,False,2025-07-13
78,user78@test.org,Value Seeker,True,True,2025-09-27
79,user79@test.org,Busy Buyer,True,True,2025-08-25
80,user80@mail.com,Value Seeker,True,True,2025-06-23
81,user81@test.org,Skeptical Researcher,True,True,2025-07-26
82,user82@example.com,Value Seeker,True,False,2025-09-26
83,user83@mail.com,Loyal Advocate,True,True,2025-06-19
84,user84@example.com,Loyal Advocate,True,True,2025-08-21
85,user85@example.com,Skeptical Researcher,True,True,2025-08-15
86,user86@mail.com,Value Seeker,True,True,2025-07-25
87,user87@test.org,Loyal Advocate,True,True,2025-08-31
88,user88@example.com,Skeptical Researcher,True,True,2025-08-31
89,user89@mail.com,Skeptical Researcher,True,False,2025-07-30
90,user90@example.com,Busy Buyer,True,False,2025-07-29
91,user91@example.com,Value Seeker,True,True,2025-07-03
92,user92@example.com,Busy Buyer,True,False,2025-06-19
93,user93@example.com,Busy Buyer,True,True,2025-06-28
94,user94@test.org,Value Seeker,True,True,2025-07-22
95,user95@example.com,Loyal Advocate,True,False,2025-07-19
96,user96@example.com,Loyal Advocate,True,True,2025-07-07
97,user97@example.com,Busy Buyer,True,False,2025-06-26
98,user98@test.org,Skeptical Researcher,True,True,2025-09-07
99,user99@example.com,Value Seeker,True,True,2025-09-06
100,user100@example.com,Loyal Advocate,True,True,2025-09-07
101,user101@test.org,Skeptical Researcher,True,False,2025-07-10
102,user102@test.org,Value Seeker,True,False,2025-08-19
103,user103@test.org,Busy Buyer,True,False,2025-07-08
104,user104@example.com,Loyal Advocate,True,True,2025-08-16
105,user105@test.org,Value Seeker,True,True,2025-08-26
106,user106@test.org,Busy Buyer,True,True,2025-07-24
107,user107@example.com,Loyal Advocate,True,True,2025-06-22
108,user108@test.org,Busy Buyer,True,False,2025-06-16
109,user109@example.com,Loyal Advocate,True,True,2025-06-28
110,user110@mail.com,Value Seeker,True,False,2025-09-20
111,user111@test.org,Skeptical Researcher,True,False,2025-07-05
112,user112@mail.com,Busy Buyer,True,True,2025-07-30
113,user113@example.com,Skeptical Researcher,False,False,2025-07-15
114,user114@test.org,Loyal Advocate,True,True,2025-07-16
115,user115@example.com,Busy Buyer,True,True,2025-08-11
116,user116@mail.com,Value Seeker,True,True,2025-09-16
117,user117@example.com,Skeptical Researcher,True,True,2025-07-25
118,user118@test.org,Value Seeker,False,True,2025-09-27
119,user119@test.org,Busy Buyer,True,True,2025-08-25
120,user120@mail.com,Value Seeker,True,True,2025-08-24
121,user121@example.com,Value Seeker,True,True,2025-06-26
122,user122@test.org,Loyal Advocate,True,False,2025-09-12
123,user123@mail.com,Loyal Advocate,False,False,2025-08-24
124,user124@test.org,Value Seeker,False,True,2025-06-25
125,user125@test.org,Busy Buyer,True,True,2025-09-13
126,user126@example.com,Value Seeker,True,False,2025-08-04
127,user127@test.org,Value Seeker,True,True,2025-06-06
128,user128@example.com,Busy Buyer,True,False,2025-06-23
129,user129@test.org,Skeptical Researcher,True,True,2025-09-23
130,user130@mail.com,Loyal Advocate,True,True,2025-08-03
131,user131@test.org,Loyal Advocate,True,True,2025-08-26
132,user132@example.com,Loyal Advocate,True,True,2025-07-13
133,user133@example.com,Value Seeker,False,False,2025-09-15
134,user134@mail.com,Loyal Advocate,True,True,2025-06-23
135,user135@test.org,Value Seeker,True,False,2025-09-04
136,user136@test.org,Busy Buyer,True,False,2025-06-30
137,user137@mail.com,Value Seeker,True,True,2025-08-16
138,user138@test.org,Value Seeker,True,False,2025-09-15
139,user139@test.org,Loyal Advocate,False,True,2025-06-18
140,user140@example.com,Busy Buyer,True,True,2025-08-26
141,user141@test.org,Busy Buyer,True,False,2025-08-18
142,user142@test.org,Busy Buyer,True,True,2025-09-05
143,user143@mail.com,Busy Buyer,True,True,2025-06-21
144,user144@mail.com,Loyal Advocate,True,True,2025-07-27
145,user145@example.com,Busy Buyer,True,True,2025-09-11
146,user146@test.org,Value Seeker,True,False,2025-06-23
147,user147@test.org,Value Seeker,True,False,2025-08-30
148,user148@test.org,Value Seeker,True,False,2025-07-15
149,user149@example.com,Loyal Advocate,True,False,2025-07-14
150,user150@example.com,Value Seeker,True,True,2025-08-21
151,user151@mail.com,Loyal Advocate,True,True,2025-08-27
152,user152@example.com,Value Seeker,True,True,2025-09-23
153,user153@test.org,Value Seeker,True,True,2025-07-17
154,user154@test.org,Skeptical Researcher,True,True,2025-07-10
155,user155@example.com,Busy Buyer,True,False,2025-07-21
156,user156@test.org,Busy Buyer,True,True,2025-07-12
157,user157@test.org,Loyal Advocate,True,True,2025-06-07
158,user158@example.com,Busy Buyer,True,True,2025-07-20
159,user159@example.com,Loyal Advocate,True,False,2025-07-18
160,user160@test.org,Value Seeker,True,False,2025-08-23
161,user161@test.org,Skeptical Researcher,True,True,2025-08-30
162,user162@test.org,Loyal Advocate,True,True,2025-06-06
163,user163@mail.com,Value Seeker,True,False,2025-08-30
164,user164@mail.com,Skeptical Researcher,True,True,2025-06-09
165,user165@mail.com,Value Seeker,True,True,2025-09-25
166,user166@example.com,Skeptical Researcher,True,False,2025-09-17
167,user167@mail.com,Busy Buyer,True,False,2025-07-27
168,user168@example.com,Value Seeker,True,True,2025-07-01
169,user169@example.com,Busy Buyer,True,False,2025-06-21
170,user170@mail.com,Value Seeker,False,False,2025-08-29
171,user171@mail.com,Busy Buyer,True,True,2025-07-10
172,user172@mail.com,Loyal Advocate,True,False,2025-09-20
173,user173@test.org,Loyal Advocate,True,False,2025-07-15
174,user174@mail.com,Skeptical Researcher,True,False,2025-08-16
175,user175@test.org,Busy Buyer,True,False,2025-07-19
176,user176@example.com,Value Seeker,True,True,2025-08-26
177,user177@test.org,Value Seeker,True,True,2025-06-20
178,user178@mail.com,Busy Buyer,True,True,2025-09-09
179,user179@example.com,Value Seeker,True,True,2025-09-26
180,user180@example.com,Value Seeker,True,True,2025-09-25
181,user181@example.com,Loyal Advocate,True,False,2025-08-31
182,user182@test.org,Value Seeker,True,False,2025-06-17
183,user183@mail.com,Value Seeker,True,False,2025-06-28
184,user184@example.com,Busy Buyer,True,False,2025-07-11
185,user185@example.com,Busy Buyer,True,False,2025-08-05
186,user186@example.com,Busy Buyer,True,True,2025-06-25
187,user187@test.org,Skeptical Researcher,True,True,2025-07-28
188,user188@test.org,Busy Buyer,True,True,2025-09-22
189,user189@mail.com,Busy Buyer,True,False,2025-07-11
190,user190@test.org,Busy Buyer,True,True,2025-06-06
191,user191@example.com,Loyal Advocate,True,False,2025-08-14
192,user192@mail.com,Skeptical Researcher,True,True,2025-07-08
193,user193@example.com,Loyal Advocate,True,False,2025-06-06
194,user194@example.com,Loyal Advocate,True,False,2025-07-15
195,user195@test.org,Value Seeker,True,False,2025-08-14
196,user196@mail.com,Busy Buyer,True,False,2025-06-14
197,user197@test.org,Skeptical Researcher,True,False,2025-08-05
198,user198@test.org,Loyal Advocate,True,False,2025-07-10
199,user199@mail.com,Value Seeker,True,False,2025-06-03
200,user200@example.com,Loyal Advocate,True,False,2025-09-27
201,user201@example.com,Loyal Advocate,False,False,2025-09-25
202,user202@mail.com,Value Seeker,True,True,2025-09-07
203,user203@example.com,Skeptical Researcher,True,True,2025-09-05
204,user204@mail.com,Skeptical Researcher,False,True,2025-06-24
205,user205@mail.com,Value Seeker,True,True,2025-06-19
206,user206@test.org,Loyal Advocate,True,True,2025-06-18
207,user207@mail.com,Busy Buyer,True,False,2025-08-03
208,user208@test.org,Loyal Advocate,False,False,2025-09-21
209,user209@example.com,Busy Buyer,True,False,2025-09-24
210,user210@example.com,Value Seeker,True,True,2025-08-27
211,user211@example.com,Skeptical Researcher,True,True,2025-09-17
212,user212@example.com,Value Seeker,True,True,2025-07-05
213,user213@test.org,Value Seeker,True,True,2025-08-01
214,user214@example.com,Busy Buyer,True,True,2025-06-01
215,user215@mail.com,Busy Buyer,True,True,2025-09-08
216,user216@mail.com,Loyal Advocate,True,False,2025-06-25
217,user217@mail.com,Busy Buyer,True,False,2025-07-15
218,user218@test.org,Busy Buyer,True,True,2025-07-19
219,user219@example.com,Value Seeker,True,True,2025-09-15
220,user220@example.com,Loyal Advocate,True,True,2025-09-06
221,user221@example.com,Loyal Advocate,True,True,2025-08-28
222,user222@test.org,Busy Buyer,True,False,2025-06-16
223,user223@mail.com,Value Seeker,True,True,2025-09-06
224,user224@mail.com,Value Seeker,True,True,2025-09-01
225,user225@example.com,Value Seeker,True,True,2025-06-19
226,user226@mail.com,Loyal Advocate,True,True,2025-06-23
227,user227@mail.com,Value Seeker,True,False,2025-08-22
228,user228@test.org,Value Seeker,True,False,2025-06-25
229,user229@test.org,Value Seeker,True,False,2025-06-16
230,user230@test.org,Skeptical Researcher,True,True,2025-07-24
231,user231@test.org,Value Seeker,True,True,2025-09-23
232,user232@example.com,Value Seeker,False,True,2025-08-12
233,user233@test.org,Value Seeker,True,False,2025-06-01
234,user234@mail.com,Value Seeker,True,True,2025-07-12
235,user235@example.com,Loyal Advocate,True,True,2025-06-19
236,user236@mail.com,Value Seeker,True,False,2025-09-05
237,user237@mail.com,Loyal Advocate,True,False,2025-07-04
238,user238@mail.com,Loyal Advocate,True,True,2025-08-19
239,user239@test.org,Value Seeker,True,True,2025-09-16
240,user240@test.org,Value Seeker,True,True,2025-09-12
241,user241@example.com,Skeptical Researcher,True,False,2025-07-25
242,user242@example.com,Value Seeker,True,True,2025-06-18
243,user243@test.org,Value Seeker,True,False,2025-07-04
244,user244@mail.com,Skeptical Researcher,True,True,2025-08-28
245,user245@example.com,Busy Buyer,True,False,2025-07-15
246,user246@test.org,Busy Buyer,True,False,2025-06-06
247,user247@test.org,Value Seeker,True,True,2025-06-21
248,user248@test.org,Skeptical Researcher,True,False,2025-08-09
249,user249@mail.com,Busy Buyer,True,True,2025-09-04
250,user250@test.org,Busy Buyer,False,False,2025-09-13
251,user251@test.org,Busy Buyer,True,False,2025-07-18
252,user252@test.org,Busy Buyer,True,True,2025-09-15
253,user253@test.org,Busy Buyer,True,False,2025-07-09
254,user254@example.com,Value Seeker,True,False,2025-07-01
255,user255@example.com,Value Seeker,True,True,2025-09-14
256,user256@test.org,Busy Buyer,True,True,2025-06-10
257,user257@mail.com,Value Seeker,True,False,2025-06-30
258,user258@example.com,Busy Buyer,True,False,2025-09-24
259,user259@test.org,Busy Buyer,True,True,2025-06-18
260,user260@example.com,Value Seeker,True,True,2025-07-30
261,user261@example.com,Loyal Advocate,True,True,2025-08-27
262,user262@mail.com,Busy Buyer,True,True,2025-09-24
263,user263@test.org,Value Seeker,True,True,2025-08-12
264,user264@test.org,Busy Buyer,True,False,2025-09-03
265,user265@mail.com,Skeptical Researcher,True,True,2025-06-15
266,user266@mail.com,Loyal Advocate,True,False,2025-06-04
267,user267@test.org,Value Seeker,True,True,2025-08-02
268,user268@test.org,Busy Buyer,False,True,2025-07-10
269,user269@mail.com,Skeptical Researcher,True,True,2025-06-09
270,user270@example.com,Busy Buyer,True,True,2025-09-17
271,user271@example.com,Busy Buyer,True,False,2025-06-09
272,user272@mail.com,Value Seeker,False,False,2025-06-26
273,user273@example.com,Busy Buyer,True,False,2025-06-04
274,user274@mail.com,Skeptical Researcher,True,False,2025-08-20
275,user275@example.com,Loyal Advocate,True,False,2025-06-16
276,user276@example.com,Busy Buyer,True,True,2025-06-15
277,user277@test.org,Value Seeker,True,False,2025-09-07
278,user278@test.org,Skeptical Researcher,True,False,2025-07-22
279,user279@example.com,Skeptical Researcher,True,True,2025-08-08
280,user280@example.com,Value Seeker,True,False,2025-09-27
281,user281@test.org,Skeptical Researcher,True,True,2025-06-05
282,user282@test.org,Skeptical Researcher,True,True,2025-06-20
283,user283@test.org,Loyal Advocate,True,False,2025-08-18
284,user284@mail.com,Busy Buyer,True,True,2025-06-18
285,user285@example.com,Value Seeker,True,True,2025-09-19
286,user286@test.org,Loyal Advocate,True,False,2025-06-02
287,user287@example.com,Busy Buyer,True,False,2025-09-01
288,user288@mail.com,Loyal Advocate,True,True,2025-06-13
289,user289@mail.com,Busy Buyer,True,False,2025-06-04
290,user290@test.org,Busy Buyer,True,True,2025-07-12
291,user291@mail.com,Value Seeker,True,True,2025-09-17
292,user292@example.com,Busy Buyer,True,False,2025-08-13
293,user293@test.org,Skeptical Researcher,True,False,2025-07-31
294,user294@example.com,Loyal Advocate,True,True,2025-09-03
295,user295@example.com,Loyal Advocate,True,False,2025-09-13
296,user296@mail.com,Value Seeker,True,False,2025-06-08
297,user297@mail.com,Busy Buyer,True,True,2025-08-06
298,user298@mail.com,Value Seeker,True,True,2025-09-20
299,user299@mail.com,Value Seeker,True,True,2025-08-02
300,user300@mail.com,Value Seeker,True,False,2025-09-18
301,user301@test.org,Busy Buyer,True,False,2025-06-09
302,user302@example.com,Value Seeker,True,False,2025-09-02
303,user303@example.com,Value Seeker,True,False,2025-09-25
304,user304@example.com,Skeptical Researcher,True,False,2025-06-11
305,user305@example.com,Skeptical Researcher,True,True,2025-09-07
306,user306@mail.com,Value Seeker,True,True,2025-09-09
307,user307@example.com,Value Seeker,True,True,2025-07-12
308,user308@test.org,Loyal Advocate,True,True,2025-06-13
309,user309@test.org,Busy Buyer,True,False,2025-07-06
310,user310@example.com,Skeptical Researcher,True,False,2025-09-28
311,user311@example.com,Skeptical Researcher,True,True,2025-06-13
312,user312@test.org,Value Seeker,True,True,2025-06-12
313,user313@test.org,Value Seeker,True,False,2025-07-07
314,user314@mail.com,Busy Buyer,True,True,2025-08-13
315,user315@test.org,Value Seeker,True,True,2025-09-28
316,user316@mail.com,Busy Buyer,True,True,2025-08-12
317,user317@mail.com,Skeptical Researcher,True,True,2025-07-22
318,user318@mail.com,Busy Buyer,True,False,2025-08-10
319,user319@mail.com,Busy Buyer,True,True,2025-06-02
320,user320@mail.com,Skeptical Researcher,True,True,2025-09-26
321,user321@example.com,Loyal Advocate,False,True,2025-07-26
322,user322@test.org,Busy Buyer,True,False,2025-07-30
323,user323@mail.com,Busy Buyer,True,True,2025-06-23
324,user324@test.org,Busy Buyer,True,True,2025-09-11
325,user325@test.org,Loyal Advocate,True,True,2025-07-10
326,user326@mail.com,Busy Buyer,True,True,2025-08-03
327,user327@example.com,Value Seeker,True,True,2025-09-11
328,user328@mail.com,Skeptical Researcher,True,False,2025-08-24
329,user329@example.com,Busy Buyer,True,True,2025-06-23
330,user330@test.org,Skeptical Researcher,True,True,2025-06-29
331,user331@example.com,Skeptical Researcher,True,False,2025-08-17
332,user332@example.com,Busy Buyer,True,True,2025-08-29
333,user333@example.com,Skeptical Researcher,True,True,2025-07-21
334,user334@test.org,Value Seeker,True,True,2025-08-08
335,user335@test.org,Skeptical Researcher,True,False,2025-09-27
336,user336@example.com,Value Seeker,True,True,2025-09-03
337,user337@example.com,Loyal Advocate,True,False,2025-08-28
338,user338@mail.com,Value Seeker,True,False,2025-07-01
339,user339@example.com,Skeptical Researcher,True,True,2025-07-20
340,user340@mail.com,Loyal Advocate,True,False,2025-06-20
341,user341@example.com,Value Seeker,True,True,2025-09-16
342,user342@mail.com,Skeptical Researcher,True,True,2025-07-25
343,user343@test.org,Busy Buyer,True,False,2025-08-20
344,user344@example.com,Busy Buyer,True,False,2025-09-17
345,user345@example.com,Busy Buyer,True,False,2025-06-02
346,user346@example.com,Busy Buyer,True,True,2025-06-25
347,user347@example.com,Busy Buyer,True,True,2025-06-13
348,user348@mail.com,Skeptical Researcher,True,False,2025-09-11
349,user349@example.com,Busy Buyer,True,True,2025-08-31
350,user350@test.org,Loyal Advocate,True,True,2025-09-14
351,user351@test.org,Busy Buyer,True,True,2025-09-27
352,user352@example.com,Skeptical Researcher,True,True,2025-08-09
353,user353@test.org,Skeptical Researcher,True,False,2025-08-06
354,user354@example.com,Value Seeker,False,True,2025-07-28
355,user355@example.com,Skeptical Researcher,True,False,2025-09-07
356,user356@test.org,Busy Buyer,True,True,2025-08-21
357,user357@example.com,Loyal Advocate,True,False,2025-08-14
358,user358@test.org,Busy Buyer,True,True,2025-09-26
359,user359@mail.com,Skeptical Researcher,True,True,2025-08-23
360,user360@example.com,Busy Buyer,True,True,2025-08-03
361,user361@mail.com,Value Seeker,True,True,2025-08-08
362,user362@test.org,Loyal Advocate,True,True,2025-08-22
363,user363@mail.com,Busy Buyer,True,False,2025-08-25
364,user364@mail.com,Busy Buyer,True,False,2025-07-29
365,user365@test.org,Busy Buyer,True,True,2025-07-30
366,user366@mail.com,Busy Buyer,True,True,2025-08-22
367,user367@mail.com,Value Seeker,True,True,2025-09-19
368,user368@test.org,Busy Buyer,True,True,2025-08-01
369,user369@mail.com,Value Seeker,True,False,2025-06-16
370,user370@test.org,Busy Buyer,True,False,2025-08-27
371,user371@mail.com,Loyal Advocate,True,True,2025-09-13
372,user372@test.org,Busy Buyer,True,True,2025-08-07
373,user373@test.org,Busy Buyer,True,True,2025-06-15
374,user374@mail.com,Busy Buyer,True,False,2025-08-28
375,user375@mail.com,Value Seeker,True,True,2025-09-16
376,user376@mail.com,Loyal Advocate,True,False,2025-07-25
377,user377@example.com,Value Seeker,True,False,2025-07-05
378,user378@example.com,Busy Buyer,True,True,2025-07-25
379,user379@example.com,Loyal Advocate,True,False,2025-06-14
380,user380@test.org,Loyal Advocate,True,True,2025-07-19
381,user381@mail.com,Busy Buyer,True,False,2025-08-22
382,user382@test.org,Loyal Advocate,True,True,2025-09-10
383,user383@example.com,Skeptical Researcher,True,True,2025-09-08
384,user384@mail.com,Busy Buyer,True,False,2025-06-07
385,user385@test.org,Loyal Advocate,True,False,2025-06-30
386,user386@mail.com,Loyal Advocate,True,False,2025-08-22
387,user387@test.org,Value Seeker,True,True,2025-07-19
388,user388@mail.com,Busy Buyer,True,False,2025-08-28
389,user389@example.com,Busy Buyer,True,True,2025-06-16
390,user390@example.com,Skeptical Researcher,True,False,2025-09-19
391,user391@mail.com,Skeptical Researcher,True,True,2025-09-26
392,user392@test.org,Loyal Advocate,True,False,2025-09-12
393,user393@example.com,Value Seeker,True,False,2025-07-21
394,user394@example.com,Value Seeker,True,False,2025-08-11
395,user395@example.com,Value Seeker,True,True,2025-08-21
396,user396@mail.com,Value Seeker,True,True,2025-08-31
397,user397@mail.com,Busy Buyer,True,False,2025-08-19
398,user398@test.org,Loyal Advocate,True,True,2025-09-24
399,user399@test.org,Value Seeker,True,False,2025-08-22
400,user400@test.org,Loyal Advocate,True,True,2025-07-12
401,user401@mail.com,Busy Buyer,True,True,2025-06-17
402,user402@mail.com,Busy Buyer,True,False,2025-08-02
403,user403@test.org,Busy Buyer,True,False,2025-07-15
404,user404@test.org,Value Seeker,True,True,2025-08-16
405,user405@mail.com,Skeptical Researcher,True,True,2025-06-07
406,user406@test.org,Busy Buyer,True,True,2025-06-27
407,user407@example.com,Skeptical Researcher,False,False,2025-06-10
408,user408@mail.com,Value Seeker,True,True,2025-07-04
409,user409@test.org,Loyal Advocate,False,False,2025-07-06
410,user410@mail.com,Busy Buyer,True,False,2025-06-25
411,user411@example.com,Loyal Advocate,True,True,2025-06-06
412,user412@mail.com,Loyal Advocate,True,False,2025-06-24
413,user413@mail.com,Busy Buyer,True,True,2025-06-18
414,user414@mail.com,Busy Buyer,True,True,2025-08-26
415,user415@mail.com,Skeptical Researcher,True,False,2025-06-06
416,user416@example.com,Skeptical Researcher,True,True,2025-06-29
417,user417@mail.com,Busy Buyer,True,True,2025-06-25
418,user418@mail.com,Loyal Advocate,True,True,2025-07-25
419,user419@test.org,Skeptical Researcher,True,True,2025-08-20
420,user420@mail.com,Skeptical Researcher,True,True,2025-07-16
421,user421@test.org,Skeptical Researcher,True,False,2025-06-24
422,user422@example.com,Loyal Advocate,True,False,2025-08-14
423,user423@example.com,Value Seeker,True,False,2025-06-26
424,user424@example.com,Busy Buyer,True,True,2025-09-23
425,user425@example.com,Busy Buyer,True,True,2025-09-06
426,user426@test.org,Loyal Advocate,False,True,2025-06-28
427,user427@mail.com,Loyal Advocate,True,True,2025-06-03
428,user428@example.com,Busy Buyer,True,True,2025-08-14
429,user429@mail.com,Skeptical Researcher,True,True,2025-07-08
430,user430@test.org,Loyal Advocate,True,True,2025-07-31
431,user431@test.org,Value Seeker,True,True,2025-08-17
432,user432@test.org,Value Seeker,False,False,2025-07-21
433,user433@example.com,Value Seeker,True,False,2025-08-29
434,user434@mail.com,Busy Buyer,False,False,2025-07-18
435,user435@mail.com,Busy Buyer,True,False,2025-06-21
436,user436@mail.com,Busy Buyer,True,False,2025-07-24
437,user437@test.org,Busy Buyer,True,True,2025-07-26
438,user438@example.com,Value Seeker,True,True,2025-09-11
439,user439@test.org,Value Seeker,True,False,2025-09-02
440,user440@test.org,Busy Buyer,True,False,2025-07-29
441,user441@mail.com,Loyal Advocate,True,False,2025-08-11
442,user442@test.org,Busy Buyer,True,False,2025-07-21
443,user443@mail.com,Skeptical Researcher,True,True,2025-06-20
444,user444@example.com,Skeptical Researcher,True,False,2025-09-20
445,user445@mail.com,Busy Buyer,True,False,2025-09-04
446,user446@example.com,Value Seeker,True,True,2025-08-25
447,user447@mail.com,Busy Buyer,True,False,2025-07-29
448,user448@test.org,Value Seeker,True,True,2025-08-10
449,user449@test.org,Value Seeker,True,False,2025-06-09
450,user450@example.com,Busy Buyer,True,False,2025-09-17
451,user451@example.com,Value Seeker,False,True,2025-06-01
452,user452@example.com,Busy Buyer,True,False,2025-06-29
453,user453@mail.com,Busy Buyer,True,True,2025-08-02
454,user454@mail.com,Loyal Advocate,True,False,2025-08-11
455,user455@example.com,Busy Buyer,True,True,2025-07-26
456,user456@test.org,Value Seeker,True,False,2025-09-26
457,user457@mail.com,Value Seeker,True,True,2025-08-07
458,user458@mail.com,Skeptical Researcher,True,False,2025-07-05
459,user459@mail.com,Busy Buyer,True,True,2025-06-03
460,user460@example.com,Value Seeker,True,False,2025-09-26
461,user461@example.com,Loyal Advocate,True,False,2025-09-17
462,user462@example.com,Value Seeker,True,False,2025-09-12
463,user463@example.com,Skeptical Researcher,True,False,2025-06-07
464,user464@example.com,Loyal Advocate,True,False,2025-06-27
465,user465@test.org,Loyal Advocate,True,True,2025-06-01
466,user466@test.org,Loyal Advocate,True,True,2025-08-30
467,user467@example.com,Skeptical Researcher,True,True,2025-08-19
468,user468@mail.com,Skeptical Researcher,True,False,2025-09-10
469,user469@example.com,Loyal Advocate,True,False,2025-08-10
470,user470@test.org,Loyal Advocate,True,True,2025-07-14
471,user471@test.org,Busy Buyer,True,False,2025-08-26
472,user472@mail.com,Busy Buyer,True,False,2025-07-11
473,user473@test.org,Value Seeker,True,False,2025-08-14
474,user474@example.com,Busy Buyer,True,True,2025-07-12
475,user475@mail.com,Value Seeker,True,True,2025-09-25
476,user476@example.com,Busy Buyer,True,True,2025-07-03
477,user477@example.com,Busy Buyer,True,False,2025-07-20
478,user478@mail.com,Loyal Advocate,False,True,2025-08-02
479,user479@example.com,Skeptical Researcher,True,True,2025-09-08
480,user480@test.org,Busy Buyer,True,False,2025-07-07
481,user481@example.com,Value Seeker,True,False,2025-09-13
482,user482@mail.com,Skeptical Researcher,True,False,2025-07-29
483,user483@mail.com,Busy Buyer,True,True,2025-08-20
484,user484@mail.com,Loyal Advocate,True,True,2025-09-07
485,user485@example.com,Value Seeker,True,False,2025-07-18
486,user486@mail.com,Busy Buyer,True,True,2025-06-05
487,user487@mail.com,Skeptical Researcher,True,True,2025-07-18
488,user488@example.com,Busy Buyer,True,True,2025-09-04
489,user489@test.org,Loyal Advocate,True,True,2025-06-03
490,user490@example.com,Loyal Advocate,True,True,2025-09-24
491,user491@mail.com,Busy Buyer,True,True,2025-07-17
492,user492@mail.com,Loyal Advocate,True,True,2025-08-01
493,user493@example.com,Skeptical Researcher,True,True,2025-09-07
494,user494@test.org,Busy Buyer,True,False,2025-09-24
495,user495@mail.com,Skeptical Researcher,True,True,2025-06-14
496,user496@mail.com,Value Seeker,True,False,2025-08-02
497,user497@mail.com,Value Seeker,True,True,2025-09-20
498,user498@example.com,Value Seeker,True,True,2025-07-31
499,user499@mail.com,Busy Buyer,True,False,2025-07-01
500,user500@test.org,Skeptical Researcher,False,True,2025-09-03
501,user501@mail.com,Skeptical Researcher,True,True,2025-06-17
502,user502@mail.com,Value Seeker,True,True,2025-06-24
503,user503@test.org,Loyal Advocate,True,False,2025-09-24
504,user504@mail.com,Value Seeker,True,True,2025-06-23
505,user505@example.com,Value Seeker,True,True,2025-08-21
506,user506@example.com,Loyal Advocate,True,False,2025-07-20
507,user507@example.com,Value Seeker,True,True,2025-09-26
508,user508@test.org,Value Seeker,True,True,2025-08-17
509,user509@mail.com,Loyal Advocate,False,True,2025-09-22
510,user510@example.com,Value Seeker,True,False,2025-08-18
511,user511@test.org,Busy Buyer,True,True,2025-08-18
512,user512@mail.com,Busy Buyer,True,True,2025-08-09
513,user513@test.org,Value Seeker,True,True,2025-06-27
514,user514@example.com,Loyal Advocate,True,False,2025-06-15
515,user515@example.com,Value Seeker,True,True,2025-07-20
516,user516@example.com,Loyal Advocate,True,False,2025-07-06
517,user517@test.org,Value Seeker,True,True,2025-09-27
518,user518@test.org,Value Seeker,True,False,2025-06-08
519,user519@example.com,Busy Buyer,True,False,2025-08-18
520,user520@test.org,Value Seeker,True,True,2025-06-03
521,user521@example.com,Loyal Advocate,True,True,2025-08-01
522,user522@example.com,Skeptical Researcher,True,True,2025-07-17
523,user523@mail.com,Value Seeker,True,True,2025-08-16
524,user524@test.org,Busy Buyer,False,False,2025-09-13
525,user525@example.com,Busy Buyer,True,True,2025-09-06
526,user526@example.com,Busy Buyer,False,True,2025-08-27
527,user527@test.org,Loyal Advocate,True,True,2025-09-12
528,user528@mail.com,Busy Buyer,True,False,2025-09-04
529,user529@mail.com,Value Seeker,True,True,2025-07-31
530,user530@example.com,Value Seeker,True,True,2025-07-02
531,user531@test.org,Busy Buyer,True,True,2025-09-02
532,user532@mail.com,Value Seeker,True,False,2025-09-24
533,user533@test.org,Busy Buyer,True,False,2025-09-21
534,user534@test.org,Value Seeker,True,True,2025-06-13
535,user535@example.com,Busy Buyer,True,True,2025-06-01
536,user536@mail.com,Loyal Advocate,True,True,2025-07-04
537,user537@example.com,Busy Buyer,True,True,2025-08-01
538,user538@mail.com,Skeptical Researcher,True,False,2025-08-18
539,user539@mail.com,Value Seeker,True,False,2025-09-16
540,user540@mail.com,Loyal Advocate,True,True,2025-08-17
541,user541@mail.com,Value Seeker,True,False,2025-09-01
542,user542@mail.com,Loyal Advocate,True,True,2025-09-06
543,user543@test.org,Loyal Advocate,True,False,2025-08-21
544,user544@example.com,Value Seeker,True,False,2025-09-26
545,user545@test.org,Value Seeker,True,True,2025-08-10
546,user546@mail.com,Value Seeker,True,False,2025-09-01
547,user547@example.com,Value Seeker,True,True,2025-09-27
548,user548@mail.com,Busy Buyer,True,True,2025-07-01
549,user549@example.com,Value Seeker,True,True,2025-08-03
550,user550@test.org,Value Seeker,True,True,2025-06-25
551,user551@example.com,Value Seeker,True,False,2025-07-08
552,user552@example.com,Loyal Advocate,True,False,2025-06-14
553,user553@example.com,Loyal Advocate,True,False,2025-06-08
554,user554@example.com,Skeptical Researcher,True,False,2025-08-30
555,user555@example.com,Busy Buyer,True,False,2025-07-24
556,user556@mail.com,Value Seeker,True,True,2025-06-02
557,user557@example.com,Value Seeker,True,True,2025-08-20
558,user558@example.com,Value Seeker,True,True,2025-09-09
559,user559@test.org,Loyal Advocate,True,False,2025-08-17
560,user560@example.com,Busy Buyer,True,False,2025-08-28
561,user561@test.org,Loyal Advocate,True,True,2025-07-26
562,user562@mail.com,Value Seeker,True,False,2025-09-02
563,user563@example.com,Value Seeker,True,False,2025-09-01
564,user564@test.org,Value Seeker,True,True,2025-08-23
565,user565@test.org,Value Seeker,True,True,2025-08-24
566,user566@mail.com,Value Seeker,True,True,2025-07-31
567,user567@example.com,Value Seeker,True,True,2025-09-25
568,user568@example.com,Busy Buyer,True,True,2025-06-22
569,user569@test.org,Value Seeker,True,True,2025-07-05
570,user570@example.com,Busy Buyer,True,True,2025-09-09
571,user571@test.org,Value Seeker,True,True,2025-06-16
572,user572@example.com,Value Seeker,True,False,2025-07-20
573,user573@test.org,Value Seeker,True,True,2025-09-21
574,user574@example.com,Loyal Advocate,True,False,2025-07-13
575,user575@mail.com,Busy Buyer,True,True,2025-06-17
576,user576@example.com,Loyal Advocate,True,True,2025-08-19
577,user577@example.com,Busy Buyer,True,False,2025-07-28
578,user578@mail.com,Value Seeker,True,True,2025-09-27
579,user579@example.com,Skeptical Researcher,True,True,2025-06-02
580,user580@mail.com,Busy Buyer,True,False,2025-06-04
581,user581@example.com,Value Seeker,True,True,2025-08-24
582,user582@test.org,Value Seeker,True,True,2025-07-09
583,user583@test.org,Value Seeker,True,True,2025-09-06
584,user584@example.com,Busy Buyer,True,True,2025-09-02
585,user585@example.com,Busy Buyer,True,True,2025-06-06
586,user586@example.com,Skeptical Researcher,True,True,2025-08-20
587,user587@test.org,Value Seeker,True,False,2025-09-11
588,user588@example.com,Busy Buyer,True,False,2025-08-28
589,user589@test.org,Value Seeker,True,False,2025-08-08
590,user590@mail.com,Loyal Advocate,True,False,2025-08-08
591,user591@test.org,Busy Buyer,True,False,2025-06-20
592,user592@test.org,Value Seeker,True,True,2025-08-03
593,user593@mail.com,Value Seeker,True,False,2025-06-16
594,user594@test.org,Skeptical Researcher,True,False,2025-07-21
595,user595@example.com,Busy Buyer,True,False,2025-09-13
596,user596@example.com,Value Seeker,True,True,2025-07-07
597,user597@test.org,Value Seeker,True,True,2025-09-12
598,user598@example.com,Value Seeker,True,True,2025-08-12
599,user599@test.org,Value Seeker,True,False,2025-08-08
600,user600@example.com,Value Seeker,True,True,2025-07-12
601,user601@example.com,Loyal Advocate,True,False,2025-07-27
602,user602@test.org,Loyal Advocate,True,True,2025-08-05
603,user603@example.com,Value Seeker,True,True,2025-06-09
604,user604@test.org,Skeptical Researcher,True,True,2025-09-15
605,user605@example.com,Value Seeker,True,True,2025-09-08
606,user606@example.com,Value Seeker,True,True,2025-08-25
607,user607@mail.com,Busy Buyer,True,True,2025-08-03
608,user608@mail.com,Skeptical Researcher,True,False,2025-08-25
609,user609@test.org,Busy Buyer,True,True,2025-06-22
610,user610@mail.com,Busy Buyer,True,True,2025-07-04
611,user611@test.org,Busy Buyer,True,False,2025-07-25
612,user612@mail.com,Value Seeker,True,False,2025-06-29
613,user613@example.com,Busy Buyer,True,False,2025-07-08
614,user614@test.org,Busy Buyer,True,True,2025-09-18
615,user615@test.org,Busy Buyer,True,False,2025-09-05
616,user616@example.com,Busy Buyer,True,False,2025-06-18
617,user617@test.org,Value Seeker,True,True,2025-08-10
618,user618@test.org,Loyal Advocate,True,True,2025-08-04
619,user619@mail.com,Value Seeker,True,True,2025-09-05
620,user620@test.org,Value Seeker,True,True,2025-06-01
621,user621@example.com,Loyal Advocate,True,False,2025-08-27
622,user622@mail.com,Busy Buyer,True,True,2025-06-04
623,user623@mail.com,Busy Buyer,True,False,2025-06-04
624,user624@example.com,Skeptical Researcher,True,True,2025-08-21
625,user625@example.com,Value Seeker,True,True,2025-06-27
626,user626@mail.com,Busy Buyer,True,True,2025-07-13
627,user627@test.org,Value Seeker,True,True,2025-07-29
628,user628@mail.com,Busy Buyer,True,False,2025-07-02
629,user629@example.com,Value Seeker,True,False,2025-07-03
630,user630@mail.com,Busy Buyer,True,True,2025-06-28
631,user631@example.com,Busy Buyer,True,True,2025-09-14
632,user632@mail.com,Busy Buyer,True,True,2025-09-13
633,user633@test.org,Skeptical Researcher,True,False,2025-07-25
634,user634@mail.com,Loyal Advocate,True,True,2025-09-08
635,user635@mail.com,Busy Buyer,True,True,2025-07-30
636,user636@example.com,Busy Buyer,True,False,2025-08-09
637,user637@example.com,Loyal Advocate,True,False,2025-08-01
638,user638@example.com,Busy Buyer,True,True,2025-08-19
639,user639@mail.com,Busy Buyer,False,True,2025-07-04
640,user640@test.org,Skeptical Researcher,True,False,2025-08-26
641,user641@example.com,Busy Buyer,True,False,2025-09-22
642,user642@example.com,Loyal Advocate,True,True,2025-09-14
643,user643@mail.com,Skeptical Researcher,True,False,2025-08-27
644,user644@example.com,Value Seeker,True,False,2025-07-26
645,user645@test.org,Busy Buyer,True,True,2025-09-21
646,user646@test.org,Busy Buyer,True,True,2025-06-13
647,user647@example.com,Loyal Advocate,True,True,2025-07-26
648,user648@example.com,Skeptical Researcher,True,False,2025-06-18
649,user649@mail.com,Loyal Advocate,True,True,2025-07-24
650,user650@test.org,Busy Buyer,True,False,2025-08-16
651,user651@test.org,Loyal Advocate,True,False,2025-09-21
652,user652@example.com,Skeptical Researcher,True,True,2025-09-09
653,user653@mail.com,Value Seeker,True,False,2025-07-13
654,user654@test.org,Skeptical Researcher,True,False,2025-07-09
655,user655@test.org,Loyal Advocate,True,True,2025-07-31
656,user656@mail.com,Loyal Advocate,True,True,2025-07-12
657,user657@mail.com,Value Seeker,True,True,2025-08-20
658,user658@test.org,Busy Buyer,True,False,2025-08-18
659,user659@test.org,Busy Buyer,True,False,2025-06-18
660,user660@mail.com,Value Seeker,True,True,2025-06-23
661,user661@test.org,Busy Buyer,True,False,2025-07-24
662,user662@example.com,Skeptical Researcher,True,True,2025-09-23
663,user663@example.com,Skeptical Researcher,True,True,2025-06-30
664,user664@mail.com,Loyal Advocate,True,True,2025-09-06
665,user665@mail.com,Busy Buyer,False,True,2025-07-28
666,user666@mail.com,Busy Buyer,True,True,2025-08-07
667,user667@example.com,Busy Buyer,True,True,2025-08-06
668,user668@test.org,Loyal Advocate,True,True,2025-08-10
669,user669@example.com,Loyal Advocate,True,False,2025-09-28
670,user670@test.org,Skeptical Researcher,True,True,2025-06-18
671,user671@example.com,Value Seeker,True,True,2025-09-14
672,user672@test.org,Skeptical Researcher,True,True,2025-06-07
673,user673@example.com,Skeptical Researcher,True,False,2025-07-10
674,user674@mail.com,Busy Buyer,True,True,2025-08-09
675,user675@example.com,Skeptical Researcher,True,True,2025-08-25
676,user676@test.org,Value Seeker,True,False,2025-08-04
677,user677@example.com,Busy Buyer,True,True,2025-08-07
678,user678@example.com,Value Seeker,True,True,2025-09-18
679,user679@example.com,Busy Buyer,True,False,2025-07-19
680,user680@mail.com,Value Seeker,True,True,2025-07-22
681,user681@example.com,Value Seeker,True,True,2025-09-22
682,user682@mail.com,Value Seeker,True,True,2025-09-15
683,user683@mail.com,Value Seeker,True,True,2025-06-29
684,user684@example.com,Value Seeker,True,True,2025-06-21
685,user685@example.com,Value Seeker,True,True,2025-08-29
686,user686@example.com,Value Seeker,True,True,2025-08-17
687,user687@test.org,Value Seeker,True,True,2025-06-09
688,user688@example.com,Busy Buyer,True,False,2025-07-17
689,user689@mail.com,Value Seeker,True,True,2025-08-15
690,user690@example.com,Busy Buyer,True,True,2025-07-12
691,user691@test.org,Value Seeker,True,False,2025-07-21
692,user692@example.com,Loyal Advocate,True,False,2025-07-26
693,user693@test.org,Value Seeker,True,True,2025-07-21
694,user694@test.org,Value Seeker,True,False,2025-08-09
695,user695@example.com,Skeptical Researcher,True,True,2025-06-20
696,user696@mail.com,Loyal Advocate,True,True,2025-08-27
697,user697@test.org,Skeptical Researcher,True,False,2025-06-27
698,user698@example.com,Loyal Advocate,True,True,2025-07-08
699,user699@example.com,Busy Buyer,True,True,2025-08-11
700,user700@mail.com,Busy Buyer,True,True,2025-08-04
701,user701@test.org,Value Seeker,True,True,2025-07-24
702,user702@test.org,Busy Buyer,True,True,2025-09-21
703,user703@example.com,Value Seeker,True,False,2025-09-21
704,user704@example.com,Value Seeker,True,True,2025-06-24
705,user705@mail.com,Value Seeker,True,False,2025-07-17
706,user706@mail.com,Loyal Advocate,True,True,2025-08-10
707,user707@test.org,Loyal Advocate,True,False,2025-08-22
708,user708@test.org,Value Seeker,True,False,2025-08-25
709,user709@example.com,Loyal Advocate,True,False,2025-08-02
710,user710@test.org,Value Seeker,True,True,2025-07-27
711,user711@mail.com,Skeptical Researcher,True,True,2025-07-25
712,user712@mail.com,Busy Buyer,True,True,2025-07-30
713,user713@example.com,Skeptical Researcher,True,False,2025-09-07
714,user714@mail.com,Loyal Advocate,True,False,2025-08-01
715,user715@mail.com,Value Seeker,True,True,2025-06-30
716,user716@mail.com,Busy Buyer,True,True,2025-09-01
717,user717@mail.com,Value Seeker,True,True,2025-06-22
718,user718@example.com,Busy Buyer,True,False,2025-08-14
719,user719@example.com,Busy Buyer,True,True,2025-08-23
720,user720@test.org,Value Seeker,True,False,2025-06-29
721,user721@mail.com,Value Seeker,True,False,2025-09-23
722,user722@test.org,Loyal Advocate,True,True,2025-07-11
723,user723@example.com,Skeptical Researcher,True,True,2025-07-12
724,user724@example.com,Value Seeker,True,True,2025-09-06
725,user725@example.com,Value Seeker,True,True,2025-08-04
726,user726@example.com,Busy Buyer,True,True,2025-07-01
727,user727@example.com,Loyal Advocate,True,True,2025-06-30
728,user728@example.com,Value Seeker,True,False,2025-09-20
729,user729@example.com,Skeptical Researcher,False,True,2025-06-18
730,user730@mail.com,Loyal Advocate,True,True,2025-09-27
731,user731@test.org,Value Seeker,True,False,2025-06-17
732,user732@example.com,Busy Buyer,True,False,2025-07-08
733,user733@mail.com,Skeptical Researcher,True,True,2025-06-14
734,user734@mail.com,Loyal Advocate,True,True,2025-08-26
735,user735@test.org,Busy Buyer,True,True,2025-08-28
736,user736@example.com,Busy Buyer,True,False,2025-08-18
737,user737@test.org,Loyal Advocate,True,False,2025-09-18
738,user738@example.com,Busy Buyer,True,False,2025-07-26
739,user739@mail.com,Skeptical Researcher,True,True,2025-06-22
740,user740@mail.com,Value Seeker,True,False,2025-08-06
741,user741@mail.com,Busy Buyer,True,True,2025-07-26
742,user742@mail.com,Loyal Advocate,True,True,2025-09-27
743,user743@test.org,Value Seeker,False,True,2025-06-19
744,user744@example.com,Value Seeker,True,True,2025-07-27
745,user745@example.com,Busy Buyer,True,True,2025-07-14
746,user746@test.org,Busy Buyer,True,False,2025-09-06
747,user747@example.com,Value Seeker,True,False,2025-07-05
748,user748@mail.com,Value Seeker,True,True,2025-09-22
749,user749@example.com,Value Seeker,True,True,2025-06-01
750,user750@mail.com,Loyal Advocate,True,True,2025-07-22
751,user751@test.org,Value Seeker,True,True,2025-08-24
752,user752@example.com,Busy Buyer,True,True,2025-09-01
753,user753@test.org,Value Seeker,True,False,2025-08-09
754,user754@example.com,Skeptical Researcher,True,True,2025-07-07
755,user755@mail.com,Loyal Advocate,True,True,2025-08-04
756,user756@test.org,Value Seeker,True,True,2025-07-21
757,user757@example.com,Busy Buyer,True,False,2025-06-01
758,user758@mail.com,Busy Buyer,True,False,2025-08-30
759,user759@test.org,Loyal Advocate,True,False,2025-06-21
760,user760@test.org,Skeptical Researcher,True,False,2025-07-23
761,user761@example.com,Loyal Advocate,True,True,2025-06-16
762,user762@example.com,Loyal Advocate,True,True,2025-09-16
763,user763@example.com,Loyal Advocate,True,False,2025-07-31
764,user764@mail.com,Busy Buyer,True,True,2025-07-24
765,user765@example.com,Value Seeker,False,True,2025-07-10
766,user766@test.org,Busy Buyer,True,True,2025-06-26
767,user767@test.org,Busy Buyer,True,True,2025-08-19
768,user768@example.com,Skeptical Researcher,True,True,2025-08-31
769,user769@example.com,Value Seeker,True,True,2025-08-04
770,user770@test.org,Value Seeker,True,False,2025-09-08
771,user771@mail.com,Busy Buyer,True,True,2025-08-13
772,user772@example.com,Busy Buyer,True,True,2025-08-03
773,user773@example.com,Busy Buyer,True,True,2025-07-13
774,user774@test.org,Busy Buyer,True,True,2025-06-17
775,user775@example.com,Value Seeker,True,True,2025-07-29
776,user776@mail.com,Busy Buyer,True,True,2025-06-23
777,user777@test.org,Value Seeker,True,True,2025-06-07
778,user778@example.com,Busy Buyer,False,True,2025-07-14
779,user779@test.org,Busy Buyer,True,True,2025-07-23
780,user780@example.com,Busy Buyer,True,True,2025-08-10
781,user781@example.com,Value Seeker,True,True,2025-09-16
782,user782@example.com,Loyal Advocate,True,True,2025-08-18
783,user783@mail.com,Value Seeker,True,True,2025-07-04
784,user784@mail.com,Value Seeker,True,False,2025-07-16
785,user785@test.org,Loyal Advocate,True,True,2025-09-17
786,user786@example.com,Busy Buyer,False,True,2025-08-07
787,user787@example.com,Busy Buyer,True,True,2025-08-17
788,user788@mail.com,Loyal Advocate,True,False,2025-08-17
789,user789@example.com,Value Seeker,True,False,2025-06-16
790,user790@mail.com,Busy Buyer,True,False,2025-08-10
791,user791@example.com,Skeptical Researcher,True,False,2025-09-04
792,user792@test.org,Loyal Advocate,True,True,2025-06-19
793,user793@example.com,Busy Buyer,True,False,2025-06-02
794,user794@example.com,Value Seeker,True,True,2025-06-10
795,user795@mail.com,Value Seeker,True,True,2025-07-20
796,user796@example.com,Value Seeker,True,True,2025-08-20
797,user797@example.com,Value Seeker,True,True,2025-09-09
798,user798@mail.com,Busy Buyer,True,False,2025-06-12
799,user799@test.org,Value Seeker,True,True,2025-08-09
800,user800@test.org,Value Seeker,False,False,2025-06-22
801,user801@mail.com,Loyal Advocate,False,True,2025-07-02
802,user802@mail.com,Loyal Advocate,True,True,2025-09-13
803,user803@mail.com,Busy Buyer,True,True,2025-08-23
804,user804@mail.com,Value Seeker,True,True,2025-06-01
805,user805@mail.com,Busy Buyer,True,False,2025-07-24
806,user806@test.org,Value Seeker,True,True,2025-09-19
807,user807@test.org,Loyal Advocate,True,True,2025-09-25
808,user808@mail.com,Busy Buyer,True,False,2025-07-28
809,user809@example.com,Value Seeker,False,True,2025-08-09
810,user810@mail.com,Busy Buyer,True,False,2025-08-22
811,user811@example.com,Busy Buyer,True,True,2025-06-18
812,user812@mail.com,Value Seeker,True,True,2025-06-06
813,user813@mail.com,Value Seeker,True,True,2025-07-15
814,user814@test.org,Skeptical Researcher,True,True,2025-09-05
815,user815@example.com,Value Seeker,True,True,2025-06-23
816,user816@example.com,Busy Buyer,True,False,2025-06-23
817,user817@test.org,Value Seeker,True,False,2025-06-26
818,user818@test.org,Busy Buyer,True,False,2025-08-16
819,user819@test.org,Skeptical Researcher,True,True,2025-06-07
820,user820@test.org,Value Seeker,True,True,2025-08-18
821,user821@example.com,Loyal Advocate,True,True,2025-07-14
822,user822@example.com,Busy Buyer,True,True,2025-06-27
823,user823@mail.com,Value Seeker,True,False,2025-06-26
824,user824@mail.com,Value Seeker,True,True,2025-09-05
825,user825@test.org,Loyal Advocate,True,True,2025-08-18
826,user826@test.org,Busy Buyer,True,True,2025-07-06
827,user827@test.org,Busy Buyer,True,False,2025-09-17
828,user828@mail.com,Skeptical Researcher,True,True,2025-07-25
829,user829@mail.com,Value Seeker,True,True,2025-08-03
830,user830@mail.com,Value Seeker,False,True,2025-08-30
831,user831@mail.com,Busy Buyer,False,True,2025-07-27
832,user832@mail.com,Skeptical Researcher,True,True,2025-08-08
833,user833@mail.com,Busy Buyer,True,True,2025-07-31
834,user834@mail.com,Loyal Advocate,True,False,2025-06-02
835,user835@test.org,Loyal Advocate,True,True,2025-07-25
836,user836@test.org,Busy Buyer,True,False,2025-09-05
837,user837@test.org,Loyal Advocate,True,False,2025-08-19
838,user838@test.org,Busy Buyer,True,False,2025-08-26
839,user839@mail.com,Busy Buyer,True,True,2025-07-08
840,user840@example.com,Loyal Advocate,True,True,2025-09-27
841,user841@mail.com,Skeptical Researcher,True,False,2025-08-19
842,user842@example.com,Value Seeker,False,False,2025-08-17
843,user843@test.org,Value Seeker,True,True,2025-06-29
844,user844@mail.com,Busy Buyer,True,False,2025-06-26
845,user845@test.org,Busy Buyer,True,True,2025-07-05
846,user846@mail.com,Busy Buyer,True,True,2025-08-18
847,user847@test.org,Busy Buyer,True,True,2025-08-06
848,user848@example.com,Busy Buyer,True,True,2025-08-26
849,user849@example.com,Value Seeker,False,True,2025-06-29
850,user850@example.com,Busy Buyer,True,False,2025-07-04
851,user851@mail.com,Busy Buyer,True,True,2025-09-05
852,user852@example.com,Value Seeker,True,True,2025-07-11
853,user853@mail.com,Loyal Advocate,True,True,2025-07-11
854,user854@example.com,Busy Buyer,False,True,2025-06-23
855,user855@example.com,Skeptical Researcher,True,True,2025-08-10
856,user856@mail.com,Skeptical Researcher,True,False,2025-06-03
857,user857@mail.com,Busy Buyer,True,False,2025-07-28
858,user858@example.com,Loyal Advocate,True,False,2025-07-02
859,user859@mail.com,Value Seeker,True,False,2025-07-01
860,user860@example.com,Value Seeker,True,True,2025-08-21
861,user861@mail.com,Value Seeker,True,True,2025-07-13
862,user862@test.org,Value Seeker,True,True,2025-06-07
863,user863@test.org,Value Seeker,True,True,2025-09-13
864,user864@test.org,Value Seeker,True,False,2025-06-01
865,user865@test.org,Value Seeker,True,True,2025-07-31
866,user866@test.org,Loyal Advocate,True,True,2025-06-14
867,user867@example.com,Value Seeker,True,False,2025-07-22
868,user868@test.org,Loyal Advocate,True,False,2025-09-04
869,user869@test.org,Busy Buyer,True,False,2025-06-06
870,user870@test.org,Busy Buyer,True,True,2025-09-11
871,user871@test.org,Loyal Advocate,True,True,2025-06-10
872,user872@mail.com,Busy Buyer,True,True,2025-08-10
873,user873@example.com,Busy Buyer,True,True,2025-08-29
874,user874@test.org,Busy Buyer,True,True,2025-09-06
875,user875@test.org,Busy Buyer,True,True,2025-06-30
876,user876@test.org,Skeptical Researcher,True,False,2025-09-08
877,user877@example.com,Value Seeker,True,True,2025-06-21
878,user878@mail.com,Skeptical Researcher,True,False,2025-07-30
879,user879@example.com,Value Seeker,True,False,2025-08-20
880,user880@mail.com,Value Seeker,True,True,2025-09-05
881,user881@test.org,Busy Buyer,True,False,2025-08-13
882,user882@test.org,Value Seeker,True,True,2025-09-23
883,user883@example.com,Busy Buyer,True,True,2025-08-02
884,user884@example.com,Skeptical Researcher,True,False,2025-09-19
885,user885@mail.com,Loyal Advocate,True,True,2025-07-12
886,user886@mail.com,Busy Buyer,True,False,2025-07-21
887,user887@example.com,Skeptical Researcher,True,True,2025-08-03
888,user888@mail.com,Loyal Advocate,True,True,2025-08-15
889,user889@example.com,Loyal Advocate,True,True,2025-07-26
890,user890@mail.com,Busy Buyer,True,True,2025-08-19
891,user891@example.com,Value Seeker,True,True,2025-07-11
892,user892@example.com,Value Seeker,True,False,2025-07-02
893,user893@example.com,Busy Buyer,True,False,2025-06-15
894,user894@mail.com,Busy Buyer,True,False,2025-08-01
895,user895@mail.com,Loyal Advocate,True,True,2025-06-27
896,user896@mail.com,Busy Buyer,True,False,2025-06-28
897,user897@example.com,Value Seeker,True,False,2025-08-20
898,user898@mail.com,Skeptical Researcher,True,False,2025-08-03
899,user899@mail.com,Skeptical Researcher,True,True,2025-09-18
900,user900@example.com,Busy Buyer,True,False,2025-07-29
901,user901@test.org,Skeptical Researcher,True,False,2025-09-22
902,user902@example.com,Busy Buyer,True,True,2025-07-28
903,user903@mail.com,Busy Buyer,True,False,2025-06-02
904,user904@example.com,Value Seeker,True,True,2025-07-06
905,user905@test.org,Value Seeker,True,True,2025-09-22
906,user906@example.com,Value Seeker,True,True,2025-08-10
907,user907@mail.com,Value Seeker,True,True,2025-06-13
908,user908@test.org,Busy Buyer,True,True,2025-06-15
909,user909@mail.com,Busy Buyer,True,False,2025-08-28
910,user910@test.org,Value Seeker,True,True,2025-08-26
911,user911@test.org,Loyal Advocate,True,False,2025-07-30
912,user912@example.com,Value Seeker,True,False,2025-06-22
913,user913@example.com,Busy Buyer,True,True,2025-08-02
914,user914@mail.com,Value Seeker,True,False,2025-08-29
915,user915@example.com,Busy Buyer,True,False,2025-09-05
916,user916@example.com,Busy Buyer,True,False,2025-08-14
917,user917@test.org,Loyal Advocate,True,False,2025-08-13
918,user918@example.com,Busy Buyer,True,False,2025-06-25
919,user919@test.org,Busy Buyer,True,False,2025-09-09
920,user920@test.org,Loyal Advocate,True,True,2025-07-18
921,user921@test.org,Value Seeker,False,False,2025-07-13
922,user922@mail.com,Value Seeker,True,False,2025-09-25
923,user923@mail.com,Busy Buyer,True,True,2025-07-08
924,user924@mail.com,Busy Buyer,True,True,2025-07-11
925,user925@test.org,Busy Buyer,True,False,2025-07-15
926,user926@mail.com,Busy Buyer,True,True,2025-08-27
927,user927@mail.com,Loyal Advocate,True,False,2025-07-10
928,user928@example.com,Loyal Advocate,True,True,2025-09-18
929,user929@mail.com,Loyal Advocate,True,True,2025-09-28
930,user930@mail.com,Loyal Advocate,True,True,2025-09-05
931,user931@test.org,Value Seeker,True,True,2025-06-17
932,user932@test.org,Loyal Advocate,True,False,2025-08-27
933,user933@test.org,Value Seeker,True,False,2025-09-09
934,user934@test.org,Value Seeker,True,False,2025-07-27
935,user935@test.org,Value Seeker,True,True,2025-06-02
936,user936@test.org,Busy Buyer,True,True,2025-09-04
937,user937@mail.com,Value Seeker,True,False,2025-08-01
938,user938@test.org,Skeptical Researcher,True,False,2025-08-27
939,user939@test.org,Busy Buyer,True,True,2025-06-09
940,user940@example.com,Busy Buyer,True,True,2025-08-07
941,user941@mail.com,Value Seeker,True,True,2025-08-20
942,user942@mail.com,Loyal Advocate,True,False,2025-06-17
943,user943@mail.com,Value Seeker,True,False,2025-09-25
944,user944@test.org,Loyal Advocate,False,True,2025-07-20
945,user945@test.org,Busy Buyer,True,True,2025-09-20
946,user946@test.org,Value Seeker,True,False,2025-09-02
947,user947@example.com,Busy Buyer,True,True,2025-07-10
948,user948@test.org,Loyal Advocate,True,True,2025-07-28
949,user949@example.com,Value Seeker,True,True,2025-08-14
950,user950@mail.com,Busy Buyer,True,True,2025-08-24
951,user951@test.org,Busy Buyer,True,True,2025-06-21
952,user952@example.com,Busy Buyer,True,False,2025-06-18
953,user953@example.com,Value Seeker,True,False,2025-07-25
954,user954@test.org,Busy Buyer,True,False,2025-06-29
955,user955@mail.com,Value Seeker,True,False,2025-06-24
956,user956@mail.com,Value Seeker,True,True,2025-08-13
957,user957@mail.com,Busy Buyer,True,False,2025-09-17
958,user958@example.com,Busy Buyer,True,True,2025-06-17
959,user959@example.com,Busy Buyer,True,False,2025-06-18
960,user960@example.com,Skeptical Researcher,True,False,2025-07-12
961,user961@example.com,Busy Buyer,True,True,2025-09-20
962,user962@mail.com,Loyal Advocate,True,True,2025-08-23
963,user963@test.org,Loyal Advocate,True,True,2025-09-09
964,user964@example.com,Value Seeker,True,True,2025-07-15
965,user965@example.com,Skeptical Researcher,True,True,2025-08-21
966,user966@mail.com,Value Seeker,True,False,2025-06-17
967,user967@test.org,Skeptical Researcher,True,False,2025-08-12
968,user968@test.org,Busy Buyer,True,True,2025-06-14
969,user969@mail.com,Busy Buyer,True,True,2025-07-19
970,user970@mail.com,Loyal Advocate,True,True,2025-06-29
971,user971@test.org,Skeptical Researcher,True,False,2025-09-03
972,user972@example.com,Loyal Advocate,True,True,2025-06-04
973,user973@test.org,Busy Buyer,True,True,2025-08-21
974,user974@mail.com,Busy Buyer,True,True,2025-06-20
975,user975@example.com,Skeptical Researcher,True,True,2025-09-28
976,user976@example.com,Busy Buyer,True,True,2025-09-28
977,user977@mail.com,Loyal Advocate,True,False,2025-07-17
978,user978@mail.com,Loyal Advocate,True,True,2025-09-15
979,user979@mail.com,Value Seeker,True,False,2025-09-16
980,user980@test.org,Value Seeker,True,True,2025-06-09
981,user981@test.org,Value Seeker,True,False,2025-08-16
982,user982@example.com,Busy Buyer,True,False,2025-08-18
983,user983@mail.com,Skeptical Researcher,True,True,2025-06-27
984,user984@example.com,Value Seeker,True,True,2025-06-15
985,user985@example.com,Skeptical Researcher,True,True,2025-08-31
986,user986@example.com,Busy Buyer,False,False,2025-09-09
987,user987@example.com,Skeptical Researcher,True,True,2025-09-27
988,user988@mail.com,Value Seeker,False,False,2025-06-19
989,user989@example.com,Busy Buyer,True,True,2025-08-29
990,user990@mail.com,Busy Buyer,True,False,2025-07-22
991,user991@mail.com,Loyal Advocate,True,False,2025-06-26
992,user992@test.org,Loyal Advocate,True,False,2025-08-28
993,user993@mail.com,Loyal Advocate,True,True,2025-06-26
994,user994@test.org,Busy Buyer,True,True,2025-06-26
995,user995@mail.com,Busy Buyer,True,False,2025-07-16
996,user996@mail.com,Value Seeker,True,True,2025-08-31
997,user997@mail.com,Value Seeker,True,True,2025-07-19
998,user998@test.org,Value Seeker,True,True,2025-08-21
999,user999@test.org,Skeptical Researcher,True,True,2025-09-04
1000,user1000@example.com,Skeptical Researcher,True,True,2025-07-23
1001,user1001@test.org,Skeptical Researcher,False,True,2025-06-03
1002,user1002@test.org,Loyal Advocate,True,True,2025-08-05
1003,user1003@test.org,Value Seeker,True,False,2025-09-05
1004,user1004@test.org,Value Seeker,True,False,2025-07-12
1005,user1005@example.com,Value Seeker,True,False,2025-06-19
1006,user1006@test.org,Loyal Advocate,True,False,2025-06-17
1007,user1007@mail.com,Busy Buyer,True,True,2025-09-16
1008,user1008@mail.com,Value Seeker,True,True,2025-07-03
1009,user1009@test.org,Busy Buyer,True,True,2025-08-15
1010,user1010@test.org,Value Seeker,True,True,2025-07-19
1011,user1011@mail.com,Skeptical Researcher,True,False,2025-07-26
1012,user1012@mail.com,Loyal Advocate,True,True,2025-08-02
1013,user1013@example.com,Busy Buyer,True,True,2025-06-03
1014,user1014@mail.com,Skeptical Researcher,True,True,2025-09-15
1015,user1015@mail.com,Loyal Advocate,True,True,2025-07-19
1016,user1016@test.org,Busy Buyer,True,False,2025-07-25
1017,user1017@mail.com,Busy Buyer,True,True,2025-06-26
1018,user1018@example.com,Busy Buyer,True,False,2025-09-07
1019,user1019@mail.com,Busy Buyer,True,True,2025-08-11
1020,user1020@test.org,Skeptical Researcher,True,True,2025-07-22
1021,user1021@test.org,Value Seeker,True,False,2025-09-08
1022,user1022@mail.com,Skeptical Researcher,False,True,2025-09-25
1023,user1023@test.org,Busy Buyer,True,False,2025-09-26
1024,user1024@example.com,Busy Buyer,True,False,2025-06-07
1025,user1025@example.com,Value Seeker,True,False,2025-07-16
1026,user1026@mail.com,Busy Buyer,True,False,2025-07-16
1027,user1027@mail.com,Value Seeker,True,True,2025-09-08
1028,user1028@mail.com,Skeptical Researcher,True,False,2025-06-16
1029,user1029@test.org,Value Seeker,False,True,2025-06-24
1030,user1030@example.com,Value Seeker,True,False,2025-07-31
1031,user1031@example.com,Busy Buyer,True,False,2025-07-24
1032,user1032@test.org,Busy Buyer,True,False,2025-08-01
1033,user1033@example.com,Busy Buyer,True,False,2025-06-01
1034,user1034@mail.com,Value Seeker,True,True,2025-07-19
1035,user1035@mail.com,Busy Buyer,False,False,2025-06-25
1036,user1036@mail.com,Value Seeker,True,False,2025-06-10
1037,user1037@example.com,Value Seeker,True,False,2025-09-26
1038,user1038@mail.com,Value Seeker,False,False,2025-08-19
1039,user1039@test.org,Busy Buyer,True,True,2025-06-16
1040,user1040@test.org,Busy Buyer,True,True,2025-07-28
1041,user1041@example.com,Skeptical Researcher,True,True,2025-08-11
1042,user1042@test.org,Loyal Advocate,True,False,2025-06-29
1043,user1043@test.org,Value Seeker,True,True,2025-09-11
1044,user1044@example.com,Busy Buyer,True,True,2025-08-31
1045,user1045@mail.com,Skeptical Researcher,True,True,2025-06-06
1046,user1046@mail.com,Loyal Advocate,True,False,2025-06-16
1047,user1047@mail.com,Busy Buyer,True,True,2025-06-20
1048,user1048@example.com,Skeptical Researcher,True,True,2025-08-19
1049,user1049@test.org,Busy Buyer,True,True,2025-08-10
1050,user1050@mail.com,Value Seeker,True,True,2025-09-13
1051,user1051@mail.com,Value Seeker,True,True,2025-08-17
1052,user1052@example.com,Busy Buyer,True,True,2025-07-13
1053,user1053@mail.com,Skeptical Researcher,True,True,2025-06-26
1054,user1054@example.com,Loyal Advocate,True,False,2025-08-29
1055,user1055@test.org,Value Seeker,True,False,2025-08-17
1056,user1056@example.com,Busy Buyer,True,True,2025-08-10
1057,user1057@example.com,Busy Buyer,True,False,2025-07-03
1058,user1058@example.com,Busy Buyer,True,True,2025-06-26
1059,user1059@example.com,Loyal Advocate,True,False,2025-07-15
1060,user1060@test.org,Busy Buyer,True,False,2025-08-23
1061,user1061@test.org,Value Seeker,True,True,2025-08-02
1062,user1062@mail.com,Loyal Advocate,True,True,2025-08-06
1063,user1063@test.org,Busy Buyer,True,True,2025-07-22
1064,user1064@test.org,Loyal Advocate,True,True,2025-08-07
1065,user1065@mail.com,Busy Buyer,True,False,2025-06-26
1066,user1066@test.org,Skeptical Researcher,True,True,2025-08-14
1067,user1067@example.com,Value Seeker,True,True,2025-06-02
1068,user1068@example.com,Busy Buyer,True,True,2025-06-14
1069,user1069@mail.com,Busy Buyer,True,True,2025-09-16
1070,user1070@mail.com,Value Seeker,True,True,2025-06-30
1071,user1071@mail.com,Loyal Advocate,True,True,2025-07-19
1072,user1072@example.com,Loyal Advocate,True,False,2025-06-12
1073,user1073@test.org,Value Seeker,True,True,2025-08-29
1074,user1074@example.com,Busy Buyer,True,True,2025-07-14
1075,user1075@mail.com,Busy Buyer,True,False,2025-07-03
1076,user1076@test.org,Busy Buyer,True,True,2025-06-13
1077,user1077@test.org,Value Seeker,True,False,2025-08-17
1078,user1078@example.com,Skeptical Researcher,True,False,2025-08-27
1079,user1079@mail.com,Value Seeker,True,True,2025-09-06
1080,user1080@example.com,Busy Buyer,True,True,2025-09-16
1081,user1081@test.org,Value Seeker,True,True,2025-06-26
1082,user1082@example.com,Loyal Advocate,True,True,2025-06-21
1083,user1083@example.com,Loyal Advocate,True,True,2025-06-28
1084,user1084@mail.com,Skeptical Researcher,True,True,2025-07-18
1085,user1085@mail.com,Busy Buyer,True,True,2025-09-08
1086,user1086@test.org,Busy Buyer,True,True,2025-07-10
1087,user1087@example.com,Skeptical Researcher,True,False,2025-08-05
1088,user1088@example.com,Loyal Advocate,True,True,2025-09-14
1089,user1089@example.com,Busy Buyer,True,True,2025-08-12
1090,user1090@test.org,Loyal Advocate,True,True,2025-08-26
1091,user1091@test.org,Loyal Advocate,True,False,2025-08-18
1092,user1092@mail.com,Value Seeker,True,True,2025-08-16
1093,user1093@mail.com,Loyal Advocate,True,False,2025-06-23
1094,user1094@mail.com,Value Seeker,True,True,2025-08-20
1095,user1095@example.com,Value Seeker,True,False,2025-07-18
1096,user1096@example.com,Value Seeker,True,True,2025-06-02
1097,user1097@mail.com,Loyal Advocate,True,True,2025-08-23
1098,user1098@example.com,Loyal Advocate,True,True,2025-06-20
1099,user1099@mail.com,Loyal Advocate,True,True,2025-07-29
1100,user1100@test.org,Busy Buyer,True,True,2025-07-16
1101,user1101@mail.com,Loyal Advocate,True,True,2025-06-03
1102,user1102@test.org,Loyal Advocate,True,False,2025-07-25
1103,user1103@example.com,Loyal Advocate,False,False,2025-06-12
1104,user1104@mail.com,Loyal Advocate,True,True,2025-07-10
1105,user1105@example.com,Loyal Advocate,True,True,2025-08-05
1106,user1106@test.org,Value Seeker,True,True,2025-09-08
1107,user1107@test.org,Value Seeker,True,False,2025-08-17
1108,user1108@test.org,Busy Buyer,True,True,2025-06-16
1109,user1109@example.com,Value Seeker,True,False,2025-08-22
1110,user1110@example.com,Value Seeker,True,True,2025-07-04
1111,user1111@example.com,Loyal Advocate,True,True,2025-07-14
1112,user1112@example.com,Busy Buyer,True,False,2025-09-18
1113,user1113@test.org,Busy Buyer,True,False,2025-06-06
1114,user1114@test.org,Loyal Advocate,True,True,2025-08-16
1115,user1115@mail.com,Busy Buyer,True,True,2025-08-03
1116,user1116@mail.com,Busy Buyer,True,False,2025-09-08
1117,user1117@example.com,Busy Buyer,True,True,2025-06-22
1118,user1118@test.org,Busy Buyer,True,False,2025-06-18
1119,user1119@test.org,Busy Buyer,True,True,2025-06-12
1120,user1120@test.org,Value Seeker,True,False,2025-07-22
1121,user1121@mail.com,Value Seeker,True,False,2025-09-26
1122,user1122@mail.com,Skeptical Researcher,True,True,2025-09-02
1123,user1123@test.org,Value Seeker,True,False,2025-09-25
1124,user1124@test.org,Loyal Advocate,True,True,2025-07-21
1125,user1125@test.org,Busy Buyer,True,True,2025-09-12
1126,user1126@mail.com,Busy Buyer,True,True,2025-08-10
1127,user1127@test.org,Loyal Advocate,True,True,2025-09-04
1128,user1128@test.org,Busy Buyer,True,False,2025-07-18
1129,user1129@example.com,Value Seeker,True,True,2025-06-19
1130,user1130@example.com,Value Seeker,True,True,2025-06-06
1131,user1131@mail.com,Value Seeker,True,True,2025-08-23
1132,user1132@test.org,Busy Buyer,True,True,2025-06-27
1133,user1133@test.org,Busy Buyer,False,True,2025-07-23
1134,user1134@example.com,Value Seeker,True,False,2025-09-15
1135,user1135@mail.com,Busy Buyer,True,False,2025-09-09
1136,user1136@example.com,Loyal Advocate,True,False,2025-07-18
1137,user1137@example.com,Loyal Advocate,True,True,2025-06-07
1138,user1138@example.com,Skeptical Researcher,True,True,2025-07-29
1139,user1139@example.com,Busy Buyer,True,True,2025-08-08
1140,user1140@test.org,Loyal Advocate,True,True,2025-06-11
1141,user1141@test.org,Value Seeker,True,True,2025-06-15
1142,user1142@example.com,Value Seeker,True,True,2025-08-03
1143,user1143@mail.com,Busy Buyer,True,True,2025-06-03
1144,user1144@mail.com,Loyal Advocate,True,False,2025-08-08
1145,user1145@mail.com,Busy Buyer,True,True,2025-06-23
1146,user1146@mail.com,Value Seeker,True,True,2025-07-23
1147,user1147@example.com,Busy Buyer,True,True,2025-07-07
1148,user1148@test.org,Loyal Advocate,True,True,2025-06-09
1149,user1149@mail.com,Loyal Advocate,True,False,2025-06-15
1150,user1150@example.com,Loyal Advocate,True,True,2025-06-03
1151,user1151@mail.com,Busy Buyer,True,True,2025-09-01
1152,user1152@mail.com,Busy Buyer,True,True,2025-08-09
1153,user1153@example.com,Value Seeker,True,True,2025-06-17
1154,user1154@test.org,Value Seeker,True,True,2025-06-26
1155,user1155@test.org,Busy Buyer,True,False,2025-06-21
1156,user1156@example.com,Loyal Advocate,True,False,2025-08-11
1157,user1157@test.org,Skeptical Researcher,True,False,2025-06-21
1158,user1158@example.com,Loyal Advocate,True,True,2025-06-11
1159,user1159@example.com,Loyal Advocate,True,False,2025-07-08
1160,user1160@example.com,Skeptical Researcher,True,True,2025-08-11
1161,user1161@test.org,Busy Buyer,True,True,2025-09-14
1162,user1162@example.com,Value Seeker,True,False,2025-08-27
1163,user1163@mail.com,Skeptical Researcher,True,True,2025-07-05
1164,user1164@test.org,Busy Buyer,True,True,2025-09-27
1165,user1165@test.org,Loyal Advocate,True,False,2025-06-14
1166,user1166@test.org,Value Seeker,True,True,2025-09-27
1167,user1167@test.org,Value Seeker,True,True,2025-06-14
1168,user1168@mail.com,Loyal Advocate,True,True,2025-06-10
1169,user1169@test.org,Skeptical Researcher,True,False,2025-06-12
1170,user1170@test.org,Loyal Advocate,True,False,2025-07-08
1171,user1171@example.com,Busy Buyer,True,False,2025-09-16
1172,user1172@test.org,Skeptical Researcher,True,True,2025-09-27
1173,user1173@mail.com,Busy Buyer,True,True,2025-09-18
1174,user1174@mail.com,Value Seeker,True,True,2025-07-04
1175,user1175@mail.com,Value Seeker,True,True,2025-07-11
1176,user1176@mail.com,Value Seeker,True,True,2025-06-10
1177,user1177@test.org,Value Seeker,True,True,2025-06-17
1178,user1178@test.org,Skeptical Researcher,True,True,2025-06-17
1179,user1179@mail.com,Loyal Advocate,True,False,2025-08-06
1180,user1180@mail.com,Value Seeker,True,True,2025-08-01
1181,user1181@test.org,Busy Buyer,True,True,2025-09-03
1182,user1182@mail.com,Skeptical Researcher,True,True,2025-09-23
1183,user1183@example.com,Skeptical Researcher,True,False,2025-06-01
1184,user1184@mail.com,Loyal Advocate,True,False,2025-06-12
1185,user1185@mail.com,Busy Buyer,True,False,2025-09-11
1186,user1186@example.com,Busy Buyer,True,False,2025-06-04
1187,user1187@example.com,Busy Buyer,True,True,2025-07-12
1188,user1188@test.org,Busy Buyer,True,True,2025-06-13
1189,user1189@test.org,Value Seeker,True,True,2025-09-06
1190,user1190@example.com,Skeptical Researcher,True,True,2025-09-14
1191,user1191@example.com,Value Seeker,True,True,2025-08-24
1192,user1192@test.org,Busy Buyer,True,True,2025-08-25
1193,user1193@mail.com,Busy Buyer,True,False,2025-06-04
1194,user1194@example.com,Busy Buyer,True,False,2025-08-21
1195,user1195@test.org,Busy Buyer,True,False,2025-08-08
1196,user1196@mail.com,Busy Buyer,True,False,2025-06-19
1197,user1197@example.com,Busy Buyer,True,False,2025-06-02
1198,user1198@mail.com,Loyal Advocate,True,True,2025-06-12
1199,user1199@test.org,Skeptical Researcher,True,True,2025-08-20
1200,user1200@example.com,Value Seeker,True,False,2025-08-13
